序号,用户ID,用户名,用户等级,性别,评论内容,评论时间,回复数,点赞数,个性签名
1,3461572114516592,跑到终点-再哭,5,男,这是哪个版本啊。有谁能告诉我。,2025-05-23 11:48:49,0,0,
2,493093634,daddm,4,保密,中间有一个大人偶，然后摸小明日香头的，到底是哪个剧场版？我怎么都找不到？,2025-05-21 12:46:43,2,0,
3,3493077639498002,朽不休,3,保密,明日香需要看完动漫后细细品味，然后发现自己真的想透过屏幕给她一个温暖的拥抱,2025-03-30 14:42:06,0,0,
4,3461572114516592,跑到终点-再哭,5,男,这是哪个版本啊。有谁能告诉我。,2025-05-23 11:48:49,0,0,
5,493093634,daddm,4,保密,中间有一个大人偶，然后摸小明日香头的，到底是哪个剧场版？我怎么都找不到？,2025-05-21 12:46:43,2,0,
6,3493077639498002,朽不休,3,保密,明日香需要看完动漫后细细品味，然后发现自己真的想透过屏幕给她一个温暖的拥抱,2025-03-30 14:42:06,0,0,
7,3461572114516592,跑到终点-再哭,5,男,这是哪个版本啊。有谁能告诉我。,2025-05-23 11:48:49,0,0,
8,493093634,daddm,4,保密,中间有一个大人偶，然后摸小明日香头的，到底是哪个剧场版？我怎么都找不到？,2025-05-21 12:46:43,2,0,
9,3493077639498002,朽不休,3,保密,明日香需要看完动漫后细细品味，然后发现自己真的想透过屏幕给她一个温暖的拥抱,2025-03-30 14:42:06,0,0,
10,3461572114516592,跑到终点-再哭,5,男,这是哪个版本啊。有谁能告诉我。,2025-05-23 11:48:49,0,0,
11,493093634,daddm,4,保密,中间有一个大人偶，然后摸小明日香头的，到底是哪个剧场版？我怎么都找不到？,2025-05-21 12:46:43,2,0,
12,3493077639498002,朽不休,3,保密,明日香需要看完动漫后细细品味，然后发现自己真的想透过屏幕给她一个温暖的拥抱,2025-03-30 14:42:06,0,0,
13,3461572114516592,跑到终点-再哭,5,男,这是哪个版本啊。有谁能告诉我。,2025-05-23 11:48:49,0,0,
14,493093634,daddm,4,保密,中间有一个大人偶，然后摸小明日香头的，到底是哪个剧场版？我怎么都找不到？,2025-05-21 12:46:43,2,0,
15,3493077639498002,朽不休,3,保密,明日香需要看完动漫后细细品味，然后发现自己真的想透过屏幕给她一个温暖的拥抱,2025-03-30 14:42:06,0,0,
16,3461572114516592,跑到终点-再哭,5,男,这是哪个版本啊。有谁能告诉我。,2025-05-23 11:48:49,0,0,
17,493093634,daddm,4,保密,中间有一个大人偶，然后摸小明日香头的，到底是哪个剧场版？我怎么都找不到？,2025-05-21 12:46:43,2,0,
18,3493077639498002,朽不休,3,保密,明日香需要看完动漫后细细品味，然后发现自己真的想透过屏幕给她一个温暖的拥抱,2025-03-30 14:42:06,0,0,
19,3461572114516592,跑到终点-再哭,5,男,这是哪个版本啊。有谁能告诉我。,2025-05-23 11:48:49,0,0,
20,493093634,daddm,4,保密,中间有一个大人偶，然后摸小明日香头的，到底是哪个剧场版？我怎么都找不到？,2025-05-21 12:46:43,2,0,
21,3493077639498002,朽不休,3,保密,明日香需要看完动漫后细细品味，然后发现自己真的想透过屏幕给她一个温暖的拥抱,2025-03-30 14:42:06,0,0,
22,3461572114516592,跑到终点-再哭,5,男,这是哪个版本啊。有谁能告诉我。,2025-05-23 11:48:49,0,0,
23,493093634,daddm,4,保密,中间有一个大人偶，然后摸小明日香头的，到底是哪个剧场版？我怎么都找不到？,2025-05-21 12:46:43,2,0,
24,3493077639498002,朽不休,3,保密,明日香需要看完动漫后细细品味，然后发现自己真的想透过屏幕给她一个温暖的拥抱,2025-03-30 14:42:06,0,0,
25,3461572114516592,跑到终点-再哭,5,男,这是哪个版本啊。有谁能告诉我。,2025-05-23 11:48:49,0,0,
26,493093634,daddm,4,保密,中间有一个大人偶，然后摸小明日香头的，到底是哪个剧场版？我怎么都找不到？,2025-05-21 12:46:43,2,0,
27,3493077639498002,朽不休,3,保密,明日香需要看完动漫后细细品味，然后发现自己真的想透过屏幕给她一个温暖的拥抱,2025-03-30 14:42:06,0,0,
